TeamOne,TeamTwo,
#1 on Overbuff,Twelve
Mochi,Cataclysm
Altiora Artemis,Moonlit Oblivion
Altiora Nimbus,Spacecats
Shikigami,Glade
Unironic,Frogchamps
1:30 Timezone,DoubleBubble
Nightshade,Very Small Eggs
Altiora Polaris,The Witches Coven
Altiora Summit,Pumpkin Pandas
To Be Named,Altiora Skywards
Alternate Lanterns,Lunar Foxes
Icon,Purr-suit
Team Tokki,DU Pioneers
LiveForever,Essence
Altiora Polaris,Unironic
Altiora Artemis,1:30 Timezone
Altiora Nimbus,Altiora Summit
Mochi,#1 on Overbuff
Purr-suit,Nightshade
Shikigami,To Be Named
Alternate Lanterns,DU Pioneers
The Witches Coven,Pumpkin Pandas
Cataclysm,Glade
Spacecats,Lunar Foxes
Very Small Eggs,Moonlit Oblivion
Altiora Skywards,Icon
DoubleBubble,Frogchamps
Team Tokki,Twelve
Altiora Polaris,Altiora Nimbus
Shikigami,Mochi
Purr-suit,Alternate Lanterns
Altiora Artemis,Nightshade
1:30 Timezone,To Be Named
DU Pioneers,Spacecats
#1 on Overbuff,Cataclysm
Unironic,Altiora Summit
Altiora Skywards,The Witches Coven
DoubleBubble,Very Small Eggs
Team Tokki,Lunar Foxes
Glade,Icon
Moonlit Oblivion,Pumpkin Pandas
Frogchamps,Twelve
Altiora Polaris,Shikigami
Altiora Artemis,Purr-suit
1:30 Timezone,Mochi
Altiora Nimbus,Alternate Lanterns
Unironic,DU Pioneers
#1 on Overbuff,DoubleBubble
Altiora Skywards,Team Tokki
To Be Named,Nightshade
Cataclysm,The Witches Coven
Very Small Eggs,Spacecats
Glade,Frogchamps
Moonlit Oblivion,Altiora Summit
Icon,Lunar Foxes
Twelve,Pumpkin Pandas
Altiora Artemis,Altiora Polaris
Shikigami,1:30 Timezone
Altiora Nimbus,Purr-suit
#1 on Overbuff,Unironic
Mochi,Altiora Skywards
To Be Named,DoubleBubble
Cataclysm,Alternate Lanterns
DU Pioneers,Moonlit Oblivion
Glade,Team Tokki
The Witches Coven,Very Small Eggs
Nightshade,Altiora Summit
Icon,Frogchamps
Spacecats,Twelve
Altiora Artemis,Shikigami
Altiora Polaris,#1 on Overbuff
1:30 Timezone,Altiora Nimbus
Purr-suit,Mochi
To Be Named,Cataclysm
Unironic,Altiora Skywards
Glade,DU Pioneers
Nightshade,Alternate Lanterns
DoubleBubble,The Witches Coven
Moonlit Oblivion,Icon
Spacecats,Team Tokki
Very Small Eggs,Altiora Summit
Frogchamps,Lunar Foxes
Altiora Artemis,Altiora Skywards
#1 on Overbuff,Unironic
To Be Named,Nightshade
1:30 Timezone,Cataclysm
Shikigami,DoubleBubble
Mochi,Purr-suit
Altiora Nimbus,Glade
Altiora Polaris,DU Pioneers
Altiora Artemis,#1 on Overbuff
1:30 Timezone,To Be Named
Shikigami,Mochi
Altiora Polaris,Altiora Nimbus
Altiora Artemis,1:30 Timezone
Altiora Polaris,Shikigami
Altiora Artemis,Altiora Polaris
Timeless Ethereal,Meka Squad
#1 on Overbuff,Lawn Mooers
Altiora Nimbus,Wisterieya
Mochi,Team Tokki
United in Chaos,Synthesis
Ban on Choccy Milk,Rising Lotus Gaming
Unironic,Moonlit Oblivion
Altiora Skywards,Morte et Dabo
Vancouver Titans Blue,Icon
Purr-suit,Fruit Salad
Road to Glory,Ethereal Remix
Defiance,Blossom
DU Pioneers,Anima
Altiora Summit,Alternate Lanterns
Stepsisters,Discord Kittens
#1 on Overbuff,Dart Monkeys
Timeless Ethereal,Stepsisters
Altiora Nimbus,Altiora Skywards
Unironic,Mochi
Vancouver Titans Blue,Altiora Summit
Purr-suit,Road to Glory
Ban on Choccy Milk,United in Chaos
Defiance,Anima
Morte et Dabo,Wisterieya
Fruit Salad,Meka Squad
Lawn Mooers,Icon
Ethereal Remix,Team Tokki
DU Pioneers,Moonlit Oblivion
Alternate Lanterns,Blossom
Discord Kittens,Synthesis
Purr-suit,Ban on Choccy Milk
Dart Monkeys,Vancouver Titans Blue
Timeless Ethereal,Defiance
Altiora Nimbus,Unironic
Road to Glory,Anima
Altiora Summit,Altiora Skywards
#1 on Overbuff,Stepsisters
Fruit Salad,Rising Lotus Gaming
Mochi,United in Chaos
Lawn Mooers,Alternate Lanterns
DU Pioneers,Morte et Dabo
Discord Kittens,Ethereal Remix
Moonlit Oblivion,Blossom
Icon,Wisterieya
Synthesis,Team Tokki
Dart Monkeys,Purr-suit
Timeless Ethereal,Altiora Nimbus
#1 on Overbuff,Vancouver Titans Blue
Road to Glory,Unironic
Ban on Choccy Milk,Fruit Salad
Defiance,Altiora Summit
Lawn Mooers,Mochi
Discord Kittens,DU Pioneers
Stepsisters,Anima
Altiora Skywards,Meka Squad
United in Chaos,Rising Lotus Gaming
Icon,Moonlit Oblivion
Ethereal Remix,Alternate Lanterns
Morte et Dabo,Synthesis
Team Tokki,Blossom
Dart Monkeys,Timeless Ethereal
Purr-suit,#1 on Overbuff
Altiora Nimbus,Road to Glory
Ban on Choccy Milk,Lawn Mooers
Defiance,Discord Kittens
Stepsisters,Vancouver Titans Blue
Unironic,Fruit Salad
Mochi,Altiora Summit
United in Chaos,Ethereal Remix
Altiora Skywards,Icon
DU Pioneers,Synthesis
Meka Squad,Anima
Alternate Lanterns,Rising Lotus Gaming
Morte et Dabo,Team Tokki
Moonlit Oblivion,Wisterieya
Dart Monkeys,Altiora Nimbus
Timeless Ethereal,Purr-suit
Ban on Choccy Milk,Defiance
Road to Glory,#1 on Overbuff
Unironic,Lawn Mooers
Mochi,Discord Kittens
Stepsisters,United in Chaos
DU Pioneers,Altiora Skywards
Vancouver Titans Blue,Fruit Salad
Ethereal Remix,Altiora Summit
Synthesis,Meka Squad
Icon,Morte et Dabo
Alternate Lanterns,Moonlit Oblivion
Rising Lotus Gaming,Anima
Wisterieya,Blossom
Dart Monkeys,Vancouver Titans Blue
Defiance,Stepsisters
Altiora Nimbus,#1 on Overbuff
Purr-suit,Lawn Mooers
Ban on Choccy Milk,Discord Kittens
Road to Glory,DU Pioneers
Mochi,Unironic
Timeless Ethereal,United in Chaos
Dart Monkeys,Defiance
Altiora Nimbus,Purr-suit
Ban on Choccy Milk,Road to Glory
Timeless Ethereal,Mochi
Dart Monkeys,Altiora Nimbus
Timeless Ethereal,Ban on Choccy Milk
Dart Monkeys,Timeless Ethereal